sequence_id,pattern_type,memory_history_length,page_sequence_length,current_memory_pressure,next_page_faults,next_page_faults_normalized,pattern_confidence,memory_stability,historical_accuracy
mixed_24,mixed,30,30,0.23682880401611328,6512274,0.9303248571428572,0.65,0.7158636484175463,0.6381437692414633
sequential_219,sequential,53,53,0.20661866664886475,6656742,0.9509631428571429,0.85,0.7702591299998421,0.6153780060586043
mixed_248,mixed,47,47,0.23832690715789795,6636486,0.9480694285714286,0.65,0.8846889516330335,0.620127478355706
random_207,random,24,24,0.23349380493164062,6585413,0.9407732857142858,0.35,0.8720414931872038,0.7826558801240184
mixed_189,mixed,28,28,0.19059884548187256,6549821,0.9356887142857143,0.65,0.7474007038042652,0.7205574950385082
sequential_217,sequential,44,44,0.22750091552734375,6578061,0.939723,0.85,0.7744518138233024,0.6335216799072674
sequential_246,sequential,33,33,0.21886920928955078,6560060,0.9371514285714285,0.85,0.8740597802854118,0.6873172511838143
locality_18,locality,70,70,0.18948304653167725,6761025,0.9658607142857143,0.75,0.8245061013337855,0.6700792969180239
random_44,random,26,26,0.24551379680633545,6613530,0.94479,0.35,0.7764391185390156,0.7404925648617389
mixed_231,mixed,48,48,0.23638319969177246,6552769,0.9361098571428571,0.65,0.8818123015175389,0.7328844460843034
mixed_69,mixed,35,35,0.21908676624298096,6670281,0.9528972857142857,0.65,0.7415450322708392,0.6866154623327647
locality_34,locality,64,64,0.23612761497497559,6675283,0.9536118571428571,0.75,0.8370887987207298,0.6041133055514174
random_28,random,29,29,0.1991497278213501,6617081,0.9452972857142857,0.35,0.7527341830631189,0.7055692058348513
locality_246,locality,57,57,0.22648608684539795,6732407,0.9617724285714285,0.75,0.7061150549136783,0.7313290285762032
random_138,random,36,36,0.1917628049850464,6649315,0.9499021428571428,0.35,0.7152839388824161,0.7643505858066243
mixed_49,mixed,25,25,0.1938326358795166,6587807,0.9411152857142857,0.65,0.8179802880562385,0.7659704678340946
mixed_84,mixed,50,50,0.21414971351623535,6702629,0.9575184285714285,0.65,0.8416731706511378,0.6086918973531728
locality_173,locality,36,36,0.21042466163635254,6588103,0.9411575714285715,0.75,0.7619760430052196,0.7448705163055098
mixed_202,mixed,26,26,0.2074364423751831,6522522,0.9317888571428572,0.65,0.7665729478532503,0.7287166266017603
locality_150,locality,41,41,0.238084077835083,6694853,0.9564075714285715,0.75,0.776238524525757,0.7981134122994746
random_155,random,24,24,0.23877131938934326,6616638,0.945234,0.35,0.7479565997949806,0.6599311084286283
random_218,random,28,28,0.2427077293395996,6556813,0.9366875714285714,0.35,0.8457645716405506,0.6691709811088913
random_29,random,40,40,0.24764609336853027,6699508,0.9570725714285714,0.35,0.7573334645675248,0.7499246247226103
locality_58,locality,61,61,0.19001662731170654,6631537,0.9473624285714286,0.75,0.8398278340319972,0.7243786267883289
mixed_181,mixed,26,26,0.24005138874053955,6606684,0.943812,0.65,0.7048090420241201,0.6386655534200474
mixed_97,mixed,27,27,0.23084115982055664,6603958,0.9434225714285714,0.65,0.7118675593783955,0.7286058794116403
locality_143,locality,59,59,0.2047950029373169,6654779,0.9506827142857143,0.75,0.7874778837010254,0.7824746534516591
mixed_195,mixed,49,49,0.1982020139694214,6549846,0.9356922857142858,0.65,0.7681013735955605,0.7030901679718491
locality_106,locality,54,54,0.2351665496826172,6602950,0.9432785714285714,0.75,0.833559228553269,0.7399996776603531
sequential_247,sequential,40,40,0.21914875507354736,6531990,0.9331414285714286,0.85,0.7135688206782559,0.6272039921085427
locality_82,locality,70,70,0.24202871322631836,6718642,0.959806,0.75,0.8830447687704375,0.6478337645154059
random_82,random,27,27,0.2375805377960205,6695889,0.9565555714285714,0.35,0.853993632528989,0.664757676254258
locality_62,locality,40,40,0.2149648666381836,6665207,0.9521724285714286,0.75,0.7003423106315634,0.6320204342488854
locality_74,locality,63,63,0.2418842315673828,6629302,0.9470431428571429,0.75,0.7886250940268027,0.6553805017520868
mixed_1,mixed,27,27,0.2275528907775879,6648401,0.9497715714285714,0.65,0.7982201963393271,0.7893863269396691
sequential_157,sequential,42,42,0.1911640167236328,6678980,0.95414,0.85,0.8891120083862304,0.6630379329673594
random_156,random,34,34,0.24896514415740967,6640895,0.9486992857142857,0.35,0.7345520545659453,0.6306432338219164
random_67,random,37,37,0.19982659816741943,6583413,0.9404875714285714,0.35,0.8087522431848977,0.6569706062797954
sequential_101,sequential,38,38,0.21830284595489502,6537743,0.9339632857142857,0.85,0.7503426280491818,0.7156255880590405
mixed_165,mixed,39,39,0.24065911769866943,6632298,0.9474711428571428,0.65,0.8455948744695182,0.7143992322237573
locality_129,locality,59,59,0.19879508018493652,6624633,0.9463761428571429,0.75,0.8099769737133412,0.7841403214236065
locality_184,locality,36,36,0.20252621173858643,6600157,0.9428795714285715,0.75,0.8422693682582861,0.6408592760857619
locality_120,locality,36,36,0.2225053310394287,6532031,0.9331472857142857,0.75,0.7886062428064438,0.7582167172190517
random_197,random,32,32,0.2217235565185547,6621045,0.9458635714285715,0.35,0.8759090432499016,0.6283965947653432
sequential_222,sequential,52,52,0.19040250778198242,6637259,0.9481798571428571,0.85,0.8105972836122386,0.6659828534744786
mixed_23,mixed,45,45,0.24233269691467285,6641511,0.9487872857142857,0.65,0.8947056434101465,0.7679939594871134
locality_118,locality,48,48,0.24110090732574463,6683548,0.9547925714285714,0.75,0.7600361803829562,0.7555140514721912
random_166,random,30,30,0.21402359008789062,6600379,0.9429112857142857,0.35,0.8920574468574651,0.6100749741956446
mixed_96,mixed,34,34,0.21182966232299805,6582049,0.9402927142857143,0.65,0.7045125217827738,0.7120727307621975
sequential_68,sequential,59,59,0.210546612739563,6661110,0.9515871428571429,0.85,0.8643666667370603,0.7281961923884912
random_193,random,39,39,0.23618543148040771,6581139,0.9401627142857143,0.35,0.7469456006222968,0.6015950543907083
random_161,random,28,28,0.22923099994659424,6605953,0.9437075714285714,0.35,0.7094899072808357,0.6689730936037677
locality_117,locality,36,36,0.23078668117523193,6529311,0.9327587142857143,0.75,0.8212592421631161,0.6464642788195842
mixed_242,mixed,29,29,0.22475147247314453,6506132,0.9294474285714286,0.65,0.876666054601807,0.6677941382790137
sequential_56,sequential,49,49,0.21566033363342285,6676150,0.9537357142857142,0.85,0.87795935484322,0.7393332828697101
random_22,random,25,25,0.24502766132354736,6641407,0.9487724285714285,0.35,0.8141729092778434,0.6945629761603983
random_185,random,20,20,0.1991415023803711,6488838,0.9269768571428572,0.35,0.8113208072858064,0.79306985981052
mixed_247,mixed,49,49,0.20065999031066895,6668647,0.9526638571428572,0.65,0.830681358460417,0.7872911455635655
random_121,random,37,37,0.19029510021209717,6583322,0.9404745714285714,0.35,0.860708266015477,0.6382579676793334
sequential_10,sequential,48,48,0.21096444129943848,6614582,0.9449402857142857,0.85,0.8177786624827955,0.6853595986096622
locality_33,locality,55,55,0.22425591945648193,6595515,0.9422164285714286,0.75,0.7135505184504012,0.7117270933462497
locality_27,locality,54,54,0.2353222370147705,6602740,0.9432485714285714,0.75,0.8355709566947455,0.7175383559243156
locality_213,locality,61,61,0.22413551807403564,6672416,0.9532022857142857,0.75,0.899371673679638,0.6289441483671075
random_1,random,22,22,0.21065378189086914,6592651,0.9418072857142857,0.35,0.8302739544901029,0.7577765773524633
locality_248,locality,70,70,0.24571537971496582,6720895,0.9601278571428571,0.75,0.718122370904743,0.6938292669863586
sequential_226,sequential,42,42,0.20724546909332275,6627980,0.9468542857142858,0.85,0.7443674937286099,0.7371628612099645
locality_133,locality,58,58,0.2065964937210083,6653953,0.9505647142857143,0.75,0.8967533505951162,0.6302925491771734
mixed_223,mixed,49,49,0.22505927085876465,6738253,0.9626075714285715,0.65,0.8214371784526464,0.6497806326859017
mixed_131,mixed,30,30,0.23435688018798828,6652957,0.9504224285714286,0.65,0.8397655846155745,0.612958675215937
random_46,random,27,27,0.22132980823516846,6693345,0.9561921428571428,0.35,0.8332801747434151,0.7219330929733686
sequential_24,sequential,32,32,0.20000576972961426,6659302,0.9513288571428572,0.85,0.8954599334840156,0.6706854231310494
locality_204,locality,40,40,0.24292171001434326,6579772,0.9399674285714286,0.75,0.84940312197078,0.7282208070240259
locality_206,locality,70,70,0.2367955446243286,6697667,0.9568095714285715,0.75,0.8797489016267974,0.6327766363671717
random_112,random,37,37,0.2107086181640625,6711816,0.9588308571428571,0.35,0.7070332924753905,0.6086110820174948
sequential_105,sequential,47,47,0.19741058349609375,6741122,0.9630174285714286,0.85,0.799780743647043,0.7478517614673857
locality_203,locality,41,41,0.23782002925872803,6565833,0.9379761428571428,0.75,0.7759484622313291,0.7221548975873004
mixed_133,mixed,38,38,0.192937970161438,6622678,0.9460968571428572,0.65,0.8757853715477663,0.6264862355304441
random_200,random,32,32,0.21821916103363037,6541936,0.9345622857142857,0.35,0.8035913865965454,0.7376509181496508
mixed_192,mixed,42,42,0.21253907680511475,6600944,0.942992,0.65,0.775230354915821,0.6840561521796648
sequential_79,sequential,34,34,0.2084728479385376,6604841,0.9435487142857143,0.85,0.8492633565076844,0.6742913950124355
mixed_0,mixed,29,29,0.19025075435638428,6595503,0.9422147142857142,0.65,0.7052924942796936,0.7674424598349244
sequential_95,sequential,53,53,0.22205591201782227,6730294,0.9614705714285714,0.85,0.8598704494377718,0.6475663755724044
sequential_180,sequential,60,60,0.19006741046905518,6698173,0.9568818571428571,0.85,0.7823992276687471,0.7974225665160923
locality_99,locality,52,52,0.1937164068222046,6712409,0.9589155714285714,0.75,0.8224570288301001,0.6394651895582832
locality_77,locality,50,50,0.22498548030853271,6661342,0.9516202857142857,0.75,0.8791425820969325,0.6957791910555353
random_109,random,25,25,0.2402653694152832,6677140,0.9538771428571429,0.35,0.858846872732308,0.7825831457497783
sequential_80,sequential,56,56,0.20471572875976562,6662789,0.951827,0.85,0.8715693646490453,0.7084754611158439
random_32,random,39,39,0.24369895458221436,6674770,0.9535385714285715,0.35,0.8887933598786005,0.7056893588600657
sequential_168,sequential,36,36,0.2461864948272705,6525885,0.9322692857142857,0.85,0.8850853494216602,0.6775231512231915
locality_40,locality,41,41,0.19160079956054688,6650306,0.9500437142857143,0.75,0.8408783065904648,0.7369942649672624
mixed_148,mixed,42,42,0.24274814128875732,6708680,0.9583828571428571,0.65,0.8941816687559262,0.61025202683229
random_201,random,28,28,0.2026592493057251,6588189,0.9411698571428572,0.35,0.7369145509904169,0.7276252751414509
sequential_40,sequential,50,50,0.22186779975891113,6657925,0.9511321428571429,0.85,0.875389900094115,0.6823391113135694
locality_155,locality,53,53,0.23814713954925537,6656723,0.9509604285714286,0.75,0.7471246110851526,0.7655803733220172
locality_88,locality,50,50,0.2192612886428833,6747964,0.9639948571428572,0.75,0.7174747352547068,0.6699091865296437
mixed_146,mixed,32,32,0.2128453254699707,6644046,0.9491494285714286,0.65,0.787479519443115,0.7022619517041574
mixed_207,mixed,34,34,0.238051176071167,6594022,0.9420031428571428,0.65,0.8525239141500244,0.6033390126683041
locality_8,locality,62,62,0.23546457290649414,6641317,0.9487595714285715,0.75,0.7320788572916295,0.7919915982533562
locality_239,locality,42,42,0.19605505466461182,6657481,0.9510687142857143,0.75,0.7966794191416546,0.7241601595707042
random_84,random,28,28,0.2065579891204834,6579942,0.9399917142857143,0.35,0.8057444840202749,0.7184803162738658
sequential_88,sequential,30,30,0.19605684280395508,6576603,0.9395147142857143,0.85,0.8775280672581537,0.7436463884025982
locality_59,locality,47,47,0.23269414901733398,6565893,0.9379847142857143,0.75,0.7909859808914614,0.6279263337968594
mixed_62,mixed,39,39,0.20619535446166992,6622775,0.9461107142857142,0.65,0.7129099953263569,0.6444462161800437
random_96,random,33,33,0.20408856868743896,6626432,0.9466331428571428,0.35,0.7886678599258634,0.6758042237643698
random_177,random,32,32,0.24892079830169678,6668022,0.9525745714285714,0.35,0.8523632779927729,0.795552500749078
mixed_57,mixed,47,47,0.24812543392181396,6715982,0.959426,0.65,0.8750277060164715,0.7864748868872634
mixed_216,mixed,38,38,0.19202899932861328,6541907,0.9345581428571429,0.65,0.7066080768700049,0.6723859141396717
locality_15,locality,51,51,0.19692862033843994,6595630,0.9422328571428571,0.75,0.8498404850292208,0.6512843851262156
sequential_223,sequential,53,53,0.22010934352874756,6566575,0.9380821428571429,0.85,0.8618974418680069,0.7426387218130146
random_219,random,24,24,0.24675440788269043,6506625,0.9295178571428572,0.35,0.7087672629663921,0.6651203264645704
random_238,random,39,39,0.21380996704101562,6561163,0.937309,0.35,0.8384491061416626,0.7715583654847258
sequential_17,sequential,33,33,0.22241449356079102,6691824,0.9559748571428571,0.85,0.7166004377274857,0.7551329281584924
locality_10,locality,51,51,0.19986271858215332,6652192,0.9503131428571429,0.75,0.8600961187843128,0.7567397440341306
random_119,random,24,24,0.21495485305786133,6597275,0.9424678571428572,0.35,0.7027169995277752,0.6770300914539306
random_21,random,32,32,0.23886680603027344,6612583,0.9446547142857142,0.35,0.7900289317330919,0.7947851276695874
locality_20,locality,68,68,0.2145305871963501,6738950,0.9627071428571429,0.75,0.8715584561566885,0.7399813439777636
locality_48,locality,37,37,0.23195338249206543,6595591,0.9422272857142857,0.75,0.7110250318971038,0.7428184607687118
sequential_140,sequential,59,59,0.2050694227218628,6609013,0.9441447142857143,0.85,0.8929581509733442,0.607010210463126
sequential_77,sequential,37,37,0.23686420917510986,6650500,0.9500714285714286,0.85,0.8494424618731186,0.7051540022176022
locality_46,locality,65,65,0.2054424285888672,6714463,0.959209,0.75,0.7762547688412084,0.6059907052930568
sequential_164,sequential,44,44,0.24799132347106934,6580003,0.9400004285714286,0.85,0.7329788660854877,0.6569812501422901
locality_187,locality,45,45,0.20488286018371582,6663992,0.9519988571428571,0.75,0.8763017704539774,0.6902750412812428
sequential_177,sequential,58,58,0.2236921787261963,6680671,0.9543815714285714,0.85,0.8380290314172425,0.6896897508748835
sequential_202,sequential,33,33,0.23048865795135498,6529792,0.9328274285714285,0.85,0.707890720195689,0.7935679053462606
random_191,random,34,34,0.2347869873046875,6648688,0.9498125714285715,0.35,0.739699055231681,0.6407458721917811
sequential_216,sequential,48,48,0.23896563053131104,6671128,0.9530182857142857,0.85,0.718323056930906,0.6309581416540659
sequential_33,sequential,42,42,0.1959092617034912,6657283,0.9510404285714286,0.85,0.859599160494805,0.7518447815407265
sequential_213,sequential,52,52,0.21337664127349854,6628089,0.9468698571428571,0.85,0.7659723568299789,0.6849372015742641
mixed_7,mixed,48,48,0.2086571455001831,6627460,0.94678,0.65,0.7423853659445068,0.7169461658928803
random_54,random,37,37,0.21685779094696045,6559737,0.9371052857142858,0.35,0.8519026226338735,0.7884560339414189
mixed_178,mixed,47,47,0.1931459903717041,6644392,0.9491988571428571,0.65,0.7261187380278737,0.7358002546477652
locality_47,locality,67,67,0.22405290603637695,6763290,0.9661842857142857,0.75,0.8543246469153432,0.6537436197911966
locality_241,locality,41,41,0.24462592601776123,6662347,0.9517638571428572,0.75,0.7934145090500346,0.6804286229389931
mixed_9,mixed,47,47,0.22284424304962158,6583777,0.9405395714285715,0.65,0.8914104844357524,0.7737517914742551
sequential_115,sequential,48,48,0.21537482738494873,6676693,0.9538132857142857,0.85,0.8529076359087973,0.669548909270423
sequential_199,sequential,39,39,0.24595856666564941,6622018,0.9460025714285715,0.85,0.8508712255548049,0.6503661838420421
random_147,random,25,25,0.21625173091888428,6561970,0.9374242857142857,0.35,0.8515495747264153,0.6694652906268895
random_118,random,27,27,0.20790839195251465,6546804,0.9352577142857142,0.35,0.877647304403567,0.6464257356755679
sequential_144,sequential,57,57,0.20505034923553467,6733494,0.9619277142857143,0.85,0.7311642661116038,0.7240084825743085
random_57,random,38,38,0.1988462209701538,6534032,0.9334331428571429,0.35,0.8550392349522747,0.7002123659310717
mixed_90,mixed,36,36,0.19022977352142334,6518258,0.9311797142857143,0.65,0.7021784620035152,0.6033745263972785
locality_93,locality,56,56,0.20944833755493164,6735254,0.9621791428571429,0.75,0.8674988000771372,0.786397596241535
mixed_140,mixed,46,46,0.24118244647979736,6657541,0.9510772857142857,0.65,0.7091511929189949,0.6562438733013906
locality_172,locality,43,43,0.21104824542999268,6542748,0.9346782857142857,0.75,0.8418366116690673,0.7863696351337339
sequential_156,sequential,38,38,0.2484821081161499,6637581,0.9482258571428571,0.85,0.8485794003402293,0.7223707145029651
mixed_218,mixed,39,39,0.22046637535095215,6711111,0.9587301428571429,0.65,0.8450190430833548,0.6166694237285278
mixed_163,mixed,34,34,0.22338318824768066,6671987,0.953141,0.65,0.7319309945213825,0.6359837092483546
mixed_28,mixed,25,25,0.21216583251953125,6504164,0.9291662857142857,0.65,0.8406925977268616,0.619547797271407
sequential_93,sequential,32,32,0.21422195434570312,6625860,0.9465514285714286,0.85,0.8168172304749214,0.6478124317311611
locality_57,locality,48,48,0.2300034761428833,6583899,0.940557,0.75,0.8778804893544501,0.7644268264038743
sequential_109,sequential,56,56,0.22159767150878906,6608681,0.9440972857142857,0.85,0.7925811521231156,0.7360070253487752
locality_169,locality,66,66,0.23806393146514893,6682749,0.9546784285714286,0.75,0.7341480905500106,0.6656918136316361
mixed_83,mixed,29,29,0.24465548992156982,6667703,0.952529,0.65,0.780200872851822,0.6720184147855143
locality_228,locality,51,51,0.19314348697662354,6710946,0.9587065714285714,0.75,0.8550096542312808,0.6737436223307178
locality_229,locality,38,38,0.22108960151672363,6604570,0.94351,0.75,0.8698962598011619,0.621076337443199
sequential_116,sequential,59,59,0.2141580581665039,6609442,0.944206,0.85,0.744425957779205,0.7261838975700304
sequential_170,sequential,52,52,0.22778856754302979,6554199,0.9363141428571429,0.85,0.8159783785873524,0.7390244146862013
locality_61,locality,58,58,0.20269322395324707,6664734,0.9521048571428572,0.75,0.7486314988383335,0.7801897329622435
random_99,random,24,24,0.19398260116577148,6511998,0.9302854285714286,0.35,0.712326838690809,0.6739868106081225
random_227,random,27,27,0.18951749801635742,6681994,0.9545705714285714,0.35,0.8589128039980863,0.7871396569976312
sequential_211,sequential,48,48,0.19451665878295898,6597327,0.9424752857142857,0.85,0.7366391899978779,0.6300189999239069
random_106,random,30,30,0.2476722002029419,6623695,0.9462421428571428,0.35,0.8852740232791478,0.6939335163277311
random_92,random,25,25,0.21364665031433105,6508916,0.9298451428571428,0.35,0.8137439788368007,0.7383834677592555
mixed_118,mixed,28,28,0.24823570251464844,6646608,0.9495154285714286,0.65,0.8262167404191262,0.6751980525284521
mixed_235,mixed,32,32,0.24583446979522705,6569309,0.9384727142857143,0.65,0.829613594981423,0.7492024488372866
sequential_186,sequential,35,35,0.22506916522979736,6599261,0.9427515714285715,0.85,0.730493392198902,0.7496651079712525
random_110,random,32,32,0.22660565376281738,6562806,0.9375437142857143,0.35,0.7521487276148698,0.6935133406995492
locality_102,locality,62,62,0.23402321338653564,6741868,0.963124,0.75,0.7524319036670682,0.6639023003862882
locality_161,locality,39,39,0.21084368228912354,6660328,0.9514754285714285,0.75,0.7958810436833471,0.757153158582297
mixed_44,mixed,49,49,0.19921958446502686,6662984,0.9518548571428571,0.65,0.8403681613037794,0.6737193407546185
locality_64,locality,69,69,0.19112920761108398,6641241,0.9487487142857143,0.75,0.7158909740561791,0.7098583857089334
locality_53,locality,64,64,0.2140805721282959,6698373,0.9569104285714286,0.75,0.750245822223519,0.7346601343105661
sequential_236,sequential,39,39,0.2432727813720703,6710711,0.958673,0.85,0.8250154533617453,0.760584172279323
sequential_106,sequential,58,58,0.20326173305511475,6579677,0.9399538571428572,0.85,0.7865192212352141,0.6635940287836004
locality_124,locality,46,46,0.2462552785873413,6582911,0.9404158571428571,0.75,0.7204821702910539,0.7381382442168329
random_104,random,21,21,0.23791611194610596,6580731,0.9401044285714286,0.35,0.720603386698512,0.6088130094746711
mixed_79,mixed,47,47,0.21110069751739502,6602481,0.9432115714285715,0.65,0.8812707229982275,0.615312645964598
sequential_87,sequential,56,56,0.21336007118225098,6649306,0.9499008571428571,0.85,0.7270239727090656,0.746315986903631
mixed_144,mixed,43,43,0.19780874252319336,6663283,0.9518975714285715,0.65,0.8984971684729045,0.6771968800145018
random_11,random,40,40,0.20478618144989014,6642824,0.9489748571428571,0.35,0.8114153489257458,0.7883360380203215
random_157,random,28,28,0.23989391326904297,6645576,0.949368,0.35,0.7147861717853093,0.7659228125294921
locality_200,locality,65,65,0.22147035598754883,6567161,0.9381658571428572,0.75,0.7100065535329065,0.6929213173835862
mixed_152,mixed,39,39,0.23410451412200928,6685993,0.9551418571428572,0.65,0.7823783186926099,0.6216427110397805
random_69,random,30,30,0.19996941089630127,6559770,0.93711,0.35,0.889406675096881,0.6991326256146743
random_77,random,20,20,0.2084411382675171,6495971,0.9279958571428572,0.35,0.7250321211518913,0.7967681367616248
mixed_26,mixed,40,40,0.24485576152801514,6605919,0.9437027142857143,0.65,0.7438377488982435,0.6198445163782214
sequential_2,sequential,42,42,0.21965432167053223,6626870,0.9466957142857143,0.85,0.7444730948261451,0.6071247606402844
sequential_114,sequential,55,55,0.1904963254928589,6628914,0.9469877142857143,0.85,0.8448210508424027,0.6291150363057855
locality_54,locality,56,56,0.220200777053833,6572812,0.9389731428571428,0.75,0.7394185083442981,0.6383460732886475
locality_195,locality,68,68,0.22806918621063232,6785018,0.9692882857142857,0.75,0.766227688211058,0.7028595066055618
mixed_22,mixed,25,25,0.24305248260498047,6553174,0.9361677142857143,0.65,0.8013619706727473,0.7668450275853218
locality_94,locality,37,37,0.21293747425079346,6549972,0.9357102857142857,0.75,0.7217404051331135,0.7439311080120065
random_182,random,28,28,0.20923852920532227,6599885,0.9428407142857143,0.35,0.7213785633965176,0.6485615462323605
mixed_53,mixed,42,42,0.2313624620437622,6717724,0.9596748571428572,0.65,0.7714163206422927,0.7643177988833769
locality_170,locality,38,38,0.23870527744293213,6706065,0.9580092857142857,0.75,0.8260433672766323,0.7254434798770234
random_188,random,33,33,0.24386823177337646,6662644,0.9518062857142857,0.35,0.7407436642105019,0.7347164480898565
sequential_163,sequential,41,41,0.2101987600326538,6651607,0.9502295714285715,0.85,0.8982057348660887,0.7086068928061874
sequential_139,sequential,38,38,0.2432173490524292,6591998,0.941714,0.85,0.8933309947287367,0.7062193671420177
sequential_240,sequential,39,39,0.24178528785705566,6553106,0.936158,0.85,0.7503363891311061,0.684224116505513
mixed_143,mixed,44,44,0.20688879489898682,6725494,0.9607848571428571,0.65,0.7375655141805944,0.6702188471604209
locality_137,locality,47,47,0.20770859718322754,6645249,0.9493212857142858,0.75,0.7932533505123693,0.6451068908940157
locality_132,locality,49,49,0.2406625747680664,6576189,0.9394555714285714,0.75,0.8550672029851746,0.6003405983432011
mixed_236,mixed,37,37,0.196111798286438,6562937,0.9375624285714286,0.65,0.8258528560218155,0.7695748116980071
mixed_229,mixed,45,45,0.2309117317199707,6694433,0.9563475714285714,0.65,0.8574187280614808,0.7157684028504218
random_232,random,26,26,0.22381198406219482,6547351,0.9353358571428572,0.35,0.7721060620349216,0.7599991177473102
sequential_18,sequential,47,47,0.2068769931793213,6596492,0.942356,0.85,0.7313231189788845,0.6713990690973489
locality_180,locality,54,54,0.24203598499298096,6545127,0.9350181428571429,0.75,0.7208417535892646,0.7505188454380938
locality_90,locality,37,37,0.19574272632598877,6631627,0.9473752857142858,0.75,0.7001610984050816,0.6405663019291733
locality_198,locality,59,59,0.19912219047546387,6635191,0.9478844285714285,0.75,0.8712697052092934,0.7573464130282037
random_114,random,30,30,0.21875905990600586,6648618,0.9498025714285714,0.35,0.8961510270054419,0.618193481882759
sequential_243,sequential,52,52,0.24211299419403076,6585166,0.940738,0.85,0.7346180022671456,0.7696287051066535
random_91,random,20,20,0.23858845233917236,6502864,0.9289805714285714,0.35,0.7393538068417104,0.7363481227452521
mixed_154,mixed,49,49,0.22667312622070312,6730186,0.9614551428571428,0.65,0.7722614772050862,0.6090358753112828
random_72,random,40,40,0.22926175594329834,6549727,0.9356752857142857,0.35,0.8418990509247973,0.655344362572089
locality_238,locality,62,62,0.19908034801483154,6601131,0.9430187142857143,0.75,0.8558053568317949,0.7649067328723304
locality_32,locality,57,57,0.20262980461120605,6590999,0.9415712857142857,0.75,0.7932769854802191,0.6521927949783158
mixed_186,mixed,32,32,0.20946729183197021,6574824,0.9392605714285714,0.65,0.813633404935364,0.6821224370564951
mixed_111,mixed,47,47,0.2042781114578247,6705398,0.957914,0.65,0.861509208236896,0.7296960718204528
random_125,random,24,24,0.23859822750091553,6570994,0.9387134285714286,0.35,0.7060499857132524,0.7436100160856214
sequential_184,sequential,56,56,0.21111071109771729,6718682,0.9598117142857143,0.85,0.8002575410827573,0.6970571872072882
mixed_177,mixed,50,50,0.21823740005493164,6725427,0.9607752857142857,0.65,0.7227080573266011,0.6484744156202107
random_131,random,27,27,0.20676636695861816,6678427,0.954061,0.35,0.8967866940410452,0.7737798836757632
mixed_2,mixed,38,38,0.22989654541015625,6545081,0.9350115714285714,0.65,0.7818439485573799,0.7858221113170812
random_190,random,29,29,0.20248806476593018,6598965,0.9427092857142857,0.35,0.7006877873134547,0.6555319595500869
random_93,random,37,37,0.20636236667633057,6555080,0.93644,0.35,0.724436919073366,0.7142378988885163
random_225,random,26,26,0.21481478214263916,6542954,0.9347077142857143,0.35,0.7875181429756652,0.631650129550966
mixed_25,mixed,37,37,0.237868070602417,6719474,0.9599248571428571,0.65,0.77508872955275,0.7917318020145421
random_94,random,29,29,0.23314952850341797,6594288,0.9420411428571429,0.35,0.8039839345820006,0.6017728831202622
sequential_119,sequential,58,58,0.20639514923095703,6655449,0.9507784285714286,0.85,0.7705397681188315,0.6255995421317179
locality_11,locality,56,56,0.20982229709625244,6620156,0.9457365714285715,0.75,0.7607692453935977,0.7427178123010904
locality_107,locality,65,65,0.21655607223510742,6636083,0.9480118571428572,0.75,0.8948713288707204,0.7044087024859937
random_133,random,35,35,0.23051071166992188,6698062,0.956866,0.35,0.8158110000232813,0.7856774269647848
mixed_198,mixed,26,26,0.21449518203735352,6691204,0.9558862857142857,0.65,0.7194120941642007,0.7477908292674595
mixed_88,mixed,44,44,0.2039356231689453,6574490,0.9392128571428572,0.65,0.7899893598939849,0.689043635779257
sequential_194,sequential,37,37,0.24368810653686523,6622287,0.946041,0.85,0.8370885943506333,0.6313205132512093
random_65,random,40,40,0.2439417839050293,6647681,0.9496687142857143,0.35,0.7567724147714406,0.7358927404897152
random_117,random,31,31,0.24438893795013428,6581612,0.9402302857142857,0.35,0.7480249057545834,0.6256613421960123
random_108,random,20,20,0.20487165451049805,6507739,0.929677,0.35,0.7214676318770002,0.7124411833070199
locality_52,locality,58,58,0.21376216411590576,6737571,0.9625101428571429,0.75,0.8011777547674325,0.621869575444586
sequential_107,sequential,35,35,0.20886504650115967,6629826,0.947118,0.85,0.7984634598358699,0.72101692313213
locality_51,locality,59,59,0.24014043807983398,6616037,0.9451481428571429,0.75,0.7328290586816056,0.6622529311566047
locality_149,locality,46,46,0.22664248943328857,6698233,0.9568904285714286,0.75,0.7975983529699124,0.7801188243650109
locality_30,locality,69,69,0.20180892944335938,6621247,0.9458924285714285,0.75,0.8918432588040327,0.7565762251295216
locality_220,locality,39,39,0.20564055442810059,6678546,0.954078,0.75,0.7389216689749503,0.7803352212665999
locality_75,locality,37,37,0.21802151203155518,6560191,0.9371701428571428,0.75,0.7195790835432072,0.7636313707184765
mixed_103,mixed,45,45,0.18982303142547607,6711573,0.9587961428571429,0.65,0.8224138839284546,0.7506583218295645
locality_81,locality,47,47,0.19007742404937744,6593068,0.9418668571428571,0.75,0.7042601804430803,0.7351266492302775
mixed_74,mixed,37,37,0.19348382949829102,6584772,0.9406817142857142,0.65,0.7838445000717291,0.7899051336686983
locality_192,locality,64,64,0.19043731689453125,6700704,0.9572434285714285,0.75,0.709859637282171,0.6932918451094062
random_39,random,36,36,0.23047685623168945,6639882,0.9485545714285715,0.35,0.7707279807689703,0.6260252954579242
random_63,random,29,29,0.19940829277038574,6530978,0.9329968571428572,0.35,0.778004206087046,0.7852592636410619
sequential_150,sequential,39,39,0.206512451171875,6657574,0.951082,0.85,0.8375086345542813,0.6529849524795334
sequential_129,sequential,48,48,0.22452139854431152,6735643,0.9622347142857143,0.85,0.744165949268809,0.7054898449760194
random_113,random,21,21,0.1907714605331421,6531257,0.9330367142857143,0.35,0.8322024648857002,0.6287521900580508
random_183,random,31,31,0.2412550449371338,6706502,0.9580717142857142,0.35,0.7493976767041808,0.7767351738261304
sequential_174,sequential,52,52,0.21466505527496338,6641710,0.9488157142857143,0.85,0.8997543495023824,0.6335987259522959
sequential_203,sequential,44,44,0.23049700260162354,6542689,0.9346698571428571,0.85,0.8154605295947424,0.6928422545643919
mixed_141,mixed,43,43,0.22597229480743408,6538873,0.9341247142857143,0.65,0.721947212633233,0.7642514795923215
locality_131,locality,67,67,0.19315850734710693,6722154,0.9603077142857143,0.75,0.8230176742068562,0.6344169866729629
locality_182,locality,52,52,0.2275552749633789,6685143,0.9550204285714285,0.75,0.713482931826219,0.7352754279092142
sequential_45,sequential,53,53,0.23063158988952637,6671482,0.9530688571428572,0.85,0.8550896549385133,0.753188479586264
locality_146,locality,66,66,0.2082575559616089,6768447,0.966921,0.75,0.7181603852383698,0.7624237708703501
sequential_73,sequential,30,30,0.2477881908416748,6668943,0.9527061428571428,0.85,0.7393649521251835,0.7004221944227995
sequential_91,sequential,44,44,0.23189544677734375,6625185,0.946455,0.85,0.8521691302433662,0.6136040223012583
mixed_164,mixed,40,40,0.2317105531692505,6620416,0.9457737142857143,0.65,0.8404478545649579,0.7660431528925818
sequential_23,sequential,42,42,0.24521136283874512,6559681,0.9370972857142857,0.85,0.7162383400912296,0.6890374918630465
locality_191,locality,55,55,0.2487720251083374,6579179,0.9398827142857142,0.75,0.8433902438369252,0.7522604578545423
locality_78,locality,53,53,0.23231422901153564,6573635,0.9390907142857143,0.75,0.8272748717066539,0.7688102188785833
mixed_147,mixed,36,36,0.21032333374023438,6616495,0.9452135714285714,0.65,0.897071983522164,0.7815163581551603
random_95,random,35,35,0.1916646957397461,6657889,0.951127,0.35,0.7146395486225035,0.6138724447261157
sequential_102,sequential,59,59,0.20072972774505615,6673256,0.9533222857142857,0.85,0.8879805797671823,0.7185504446076905
mixed_58,mixed,38,38,0.2235405445098877,6688966,0.9555665714285714,0.65,0.7564012978610152,0.6231215013217506
mixed_85,mixed,45,45,0.2233504056930542,6538164,0.9340234285714286,0.65,0.7039488784823161,0.7384938798413176
random_215,random,22,22,0.1965411901473999,6495684,0.9279548571428572,0.35,0.7373285795126314,0.695572275450581
locality_235,locality,39,39,0.23432719707489014,6717676,0.959668,0.75,0.7283787174588356,0.6641530221248051
sequential_196,sequential,37,37,0.24660730361938477,6704138,0.957734,0.85,0.7182473070192138,0.7938522862777666
sequential_55,sequential,31,31,0.20422077178955078,6589669,0.9413812857142857,0.85,0.776593042813803,0.7156885494427396
random_89,random,32,32,0.20607125759124756,6637801,0.9482572857142857,0.35,0.779056120318681,0.770716836498264
mixed_30,mixed,46,46,0.20120275020599365,6710557,0.958651,0.65,0.8587675574261837,0.7285968422971192
mixed_188,mixed,38,38,0.21939170360565186,6640630,0.9486614285714285,0.65,0.8601423526149032,0.6017965141373329
random_153,random,27,27,0.24621546268463135,6566378,0.938054,0.35,0.7802183787065101,0.6416924713441845
random_241,random,39,39,0.24595093727111816,6622504,0.946072,0.35,0.8643248433103896,0.7286009598685792
random_88,random,32,32,0.23889708518981934,6715450,0.95935,0.35,0.8594806249074307,0.6637794228006384
random_50,random,28,28,0.22317218780517578,6579664,0.939952,0.35,0.7884117168625835,0.785500546884905
random_66,random,22,22,0.23417365550994873,6583217,0.9404595714285714,0.35,0.8997103497482823,0.697397637540834
sequential_188,sequential,30,30,0.2383425235748291,6582456,0.9403508571428572,0.85,0.882711995089803,0.6868976732688852
mixed_78,mixed,43,43,0.24743127822875977,6637181,0.9481687142857143,0.65,0.8869877444240095,0.7904158164671239
random_152,random,40,40,0.18984925746917725,6571845,0.938835,0.35,0.8132399396109027,0.7821793402982785
locality_101,locality,51,51,0.19859027862548828,6704123,0.9577318571428571,0.75,0.8709662064213531,0.6921100521138345
mixed_109,mixed,35,35,0.23786699771881104,6684905,0.9549864285714286,0.65,0.7320626344599344,0.7156983699562683
locality_19,locality,54,54,0.22091639041900635,6705037,0.9578624285714286,0.75,0.8179900636126881,0.799547779387056
mixed_197,mixed,35,35,0.19482338428497314,6622470,0.9460671428571429,0.65,0.8974295590434761,0.7276304999302818
locality_162,locality,51,51,0.19790947437286377,6689447,0.9556352857142857,0.75,0.7552266151922569,0.7489407773098529
random_223,random,29,29,0.2357027530670166,6702913,0.957559,0.35,0.7554372709853698,0.7265048956010868
locality_134,locality,64,64,0.19164657592773438,6639374,0.948482,0.75,0.744900257276431,0.7067580646665608
sequential_147,sequential,36,36,0.22923624515533447,6574277,0.9391824285714285,0.85,0.7305571285493498,0.7009864692173189
locality_153,locality,45,45,0.21624159812927246,6555223,0.9364604285714285,0.75,0.8810957839109224,0.6464375652801666
sequential_122,sequential,56,56,0.24422717094421387,6608148,0.9440211428571429,0.85,0.7805383236024168,0.7938667284038752
sequential_35,sequential,50,50,0.23808515071868896,6673914,0.9534162857142857,0.85,0.8613761657100958,0.6125064932227469
random_42,random,37,37,0.1902751922607422,6581449,0.940207,0.35,0.8943445256708201,0.6757587797654125
mixed_110,mixed,33,33,0.22801291942596436,6643630,0.94909,0.65,0.8497039837951467,0.6265607881999082
random_145,random,27,27,0.207131028175354,6544422,0.9349174285714286,0.35,0.8240509900201076,0.7157864047616164
sequential_198,sequential,36,36,0.22242510318756104,6656737,0.9509624285714285,0.85,0.8432242603573102,0.6824390812710568
sequential_37,sequential,49,49,0.22310614585876465,6711964,0.958852,0.85,0.8047532334647121,0.6640630331729709
sequential_111,sequential,52,52,0.19215786457061768,6672772,0.9532531428571429,0.85,0.726085201474035,0.6238900859702657
sequential_82,sequential,30,30,0.24596679210662842,6694549,0.9563641428571429,0.85,0.7126927172582748,0.7861918310338482
sequential_181,sequential,51,51,0.19954657554626465,6584734,0.9406762857142857,0.85,0.84212940605461,0.7518416214152951
locality_26,locality,42,42,0.2267749309539795,6612315,0.9446164285714286,0.75,0.7714243368302324,0.7191822393635182
random_31,random,28,28,0.20090210437774658,6544724,0.9349605714285715,0.35,0.8863142693547653,0.7499051269348824
mixed_175,mixed,26,26,0.21898651123046875,6519079,0.931297,0.65,0.7221120695305143,0.7478835240490483
sequential_47,sequential,40,40,0.24180173873901367,6554393,0.9363418571428571,0.85,0.7299157033839377,0.6273277497934729
random_198,random,21,21,0.19982504844665527,6649767,0.9499667142857143,0.35,0.706929193997824,0.6721024327496707
sequential_103,sequential,57,57,0.2456977367401123,6692563,0.9560804285714286,0.85,0.8492063459649146,0.7550941213290545
sequential_195,sequential,53,53,0.24159467220306396,6680396,0.9543422857142857,0.85,0.8922954620697322,0.6827445083732001
locality_138,locality,54,54,0.2151813507080078,6610510,0.9443585714285714,0.75,0.8922224177970656,0.6023159149649719
locality_87,locality,44,44,0.2188199758529663,6641491,0.9487844285714285,0.75,0.7152362437730612,0.6430480927808278
sequential_176,sequential,59,59,0.22704684734344482,6589761,0.9413944285714285,0.85,0.8284391687606798,0.6388725375154273
sequential_191,sequential,49,49,0.21685993671417236,6733007,0.9618581428571429,0.85,0.8350162677827119,0.735283065296459
random_132,random,31,31,0.21069598197937012,6507461,0.9296372857142857,0.35,0.7020457821655849,0.7128477595644831
locality_210,locality,65,65,0.22243130207061768,6604495,0.9434992857142858,0.75,0.8454354475583427,0.6272047324937817
locality_166,locality,43,43,0.21598100662231445,6639418,0.9484882857142857,0.75,0.7464655026745423,0.6799056680933585
random_220,random,28,28,0.21137595176696777,6650315,0.950045,0.35,0.7332862282589987,0.7182980700711759
locality_122,locality,50,50,0.24722230434417725,6614571,0.9449387142857143,0.75,0.8708295572994582,0.6912240427096188
locality_230,locality,47,47,0.21081924438476562,6570246,0.9386065714285714,0.75,0.869811406911333,0.6795699405026219
sequential_248,sequential,34,34,0.20631670951843262,6698619,0.9569455714285714,0.85,0.7762747793606304,0.615945752906148
random_43,random,32,32,0.21148383617401123,6617010,0.9452871428571429,0.35,0.709522346060812,0.6544795365020897
locality_156,locality,63,63,0.19549012184143066,6727528,0.9610754285714286,0.75,0.7400780860929974,0.6294627862555262
random_4,random,31,31,0.243973970413208,6681432,0.9544902857142857,0.35,0.7643574035406324,0.6851816845115722
locality_13,locality,44,44,0.22645926475524902,6558990,0.9369985714285715,0.75,0.8735066224799827,0.6896550186439772
locality_174,locality,59,59,0.22980034351348877,6575068,0.9392954285714286,0.75,0.8172528659483441,0.6108766087396412
random_173,random,35,35,0.19186687469482422,6621600,0.9459428571428572,0.35,0.8919867201793088,0.6082123014035322
sequential_171,sequential,40,40,0.23238956928253174,6669203,0.9527432857142857,0.85,0.8288883324721465,0.6371216627628813
random_163,random,35,35,0.18938100337982178,6587342,0.9410488571428571,0.35,0.8952827872146029,0.7832306838655436
locality_73,locality,59,59,0.23543059825897217,6595720,0.9422457142857142,0.75,0.7148782583780319,0.6361666546787507
sequential_241,sequential,42,42,0.20708811283111572,6698775,0.9569678571428571,0.85,0.8511748779003434,0.7877620190604788
locality_152,locality,57,57,0.23539113998413086,6698667,0.9569524285714286,0.75,0.817990720133854,0.7469243500280897
sequential_172,sequential,31,31,0.21816086769104004,6513607,0.9305152857142858,0.85,0.7228348887158498,0.7639701644530894
mixed_200,mixed,44,44,0.24831151962280273,6559200,0.9370285714285714,0.65,0.746278269627721,0.6384802980995175
random_70,random,23,23,0.20004451274871826,6680349,0.9543355714285714,0.35,0.7895727464038957,0.762470438739432
mixed_126,mixed,27,27,0.202933669090271,6637851,0.9482644285714286,0.65,0.8009120215319792,0.6228852883079684
sequential_175,sequential,32,32,0.2040334939956665,6508560,0.9297942857142857,0.85,0.7061048595402231,0.7201871471890953
locality_1,locality,43,43,0.24179518222808838,6630343,0.9471918571428571,0.75,0.7835864590722658,0.7291883232268005
random_184,random,38,38,0.23332250118255615,6693687,0.956241,0.35,0.7941680312161933,0.633770863355141
mixed_4,mixed,26,26,0.24322938919067383,6541687,0.9345267142857143,0.65,0.8737736037353374,0.6940264278450262
mixed_6,mixed,34,34,0.1939767599105835,6607598,0.9439425714285714,0.65,0.8629051081444884,0.6226936880654174
sequential_12,sequential,53,53,0.20835626125335693,6732427,0.9617752857142857,0.85,0.8508911696120849,0.7518143822532641
mixed_171,mixed,42,42,0.203652024269104,6644995,0.949285,0.65,0.8715482617092719,0.7865184959705224
locality_160,locality,59,59,0.23696208000183105,6603100,0.9433,0.75,0.7860463846909341,0.6362082631643085
locality_135,locality,38,38,0.20289719104766846,6546152,0.9351645714285715,0.75,0.8581986397088082,0.7438341153921707
sequential_78,sequential,52,52,0.23005378246307373,6604901,0.9435572857142858,0.85,0.8138616179604777,0.6050138795260838
random_2,random,31,31,0.210906982421875,6567422,0.9382031428571429,0.35,0.7745278632202982,0.6571192495123714
mixed_151,mixed,30,30,0.22620940208435059,6615397,0.9450567142857142,0.65,0.7190818081544915,0.6189792381990918
sequential_215,sequential,30,30,0.20982182025909424,6618701,0.9455287142857143,0.85,0.8566706209045151,0.7166766160610532
locality_76,locality,36,36,0.23812294006347656,6588433,0.9412047142857143,0.75,0.8462213192294186,0.603180690351389
mixed_10,mixed,47,47,0.21004033088684082,6576560,0.9395085714285715,0.65,0.8129064522364926,0.6119072772818919
random_213,random,37,37,0.23999249935150146,6656531,0.950933,0.35,0.8680147804911359,0.7228376023455705
sequential_165,sequential,49,49,0.20802044868469238,6538894,0.9341277142857143,0.85,0.8171821208152,0.6499201815572841
locality_190,locality,48,48,0.23734700679779053,6563338,0.9376197142857143,0.75,0.7663383585956086,0.7563919204084188
sequential_148,sequential,54,54,0.24841594696044922,6720733,0.9601047142857143,0.85,0.7189501201543224,0.6559231450060959
mixed_234,mixed,42,42,0.19263041019439697,6689507,0.9556438571428572,0.65,0.7106237434553814,0.7726259088881532
mixed_41,mixed,37,37,0.19176828861236572,6593915,0.9419878571428572,0.65,0.7995322779047362,0.7051195993189405
random_175,random,36,36,0.2064446210861206,6528145,0.9325921428571429,0.35,0.8403463929980395,0.6934059139710683
mixed_130,mixed,47,47,0.21945476531982422,6571093,0.9387275714285714,0.65,0.8290206436493761,0.608041131674385
random_6,random,30,30,0.2341989278793335,6652057,0.9502938571428572,0.35,0.7342909090946984,0.7313126605397776
sequential_34,sequential,52,52,0.23603570461273193,6693431,0.9562044285714286,0.85,0.7020352643197925,0.6204699977831187
locality_214,locality,69,69,0.20275139808654785,6716884,0.9595548571428572,0.75,0.7380820048519878,0.6992632582445034
mixed_115,mixed,50,50,0.24495983123779297,6641760,0.9488228571428572,0.65,0.8898278635647601,0.782452252235339
sequential_46,sequential,37,37,0.22757112979888916,6555160,0.9364514285714286,0.85,0.7430986162848867,0.7170048491514427
sequential_142,sequential,58,58,0.22269141674041748,6666263,0.9523232857142857,0.85,0.7728539483284341,0.7283459885691748
random_123,random,25,25,0.21636462211608887,6495623,0.9279461428571428,0.35,0.8208700373214661,0.7053306393551605
sequential_14,sequential,52,52,0.2253018617630005,6722248,0.9603211428571429,0.85,0.7146957186249832,0.7102306049709077
locality_14,locality,35,35,0.2150958776473999,6550848,0.9358354285714285,0.75,0.8479345961360064,0.679930550289941
mixed_213,mixed,48,48,0.21967661380767822,6677880,0.9539828571428571,0.65,0.7585633594205101,0.7363188343276369
sequential_152,sequential,38,38,0.2170543670654297,6597633,0.942519,0.85,0.8486735210325816,0.6575719775278831
locality_60,locality,64,64,0.21626043319702148,6718547,0.9597924285714285,0.75,0.8547891509847149,0.6840570545026256
locality_2,locality,44,44,0.24894022941589355,6673614,0.9533734285714286,0.75,0.8573482107745215,0.6152930750396688
sequential_49,sequential,59,59,0.22860372066497803,6736084,0.9622977142857143,0.85,0.7035222890300699,0.789280876121371
sequential_166,sequential,40,40,0.22718322277069092,6705654,0.9579505714285714,0.85,0.8451642678089839,0.7726196897855102
sequential_89,sequential,47,47,0.20097565650939941,6636530,0.9480757142857142,0.85,0.776033628843401,0.7354087528537531
sequential_225,sequential,39,39,0.23087799549102783,6582673,0.9403818571428572,0.85,0.8141465693131957,0.6276364808766901
mixed_100,mixed,35,35,0.19249939918518066,6703248,0.9576068571428571,0.65,0.7366601169984243,0.7956697231833705
sequential_62,sequential,56,56,0.20007717609405518,6662805,0.9518292857142857,0.85,0.8585229661810048,0.6017815393807457
sequential_67,sequential,54,54,0.22529268264770508,6749088,0.9641554285714286,0.85,0.7108554828831766,0.6627435135148979
mixed_51,mixed,31,31,0.22705566883087158,6570000,0.9385714285714286,0.65,0.8064929365519751,0.6700797919234205
mixed_91,mixed,46,46,0.20157551765441895,6705689,0.9579555714285715,0.65,0.886964485325596,0.6193421650330349
locality_243,locality,50,50,0.2454981803894043,6674788,0.9535411428571429,0.75,0.8586803335508147,0.7076758894147621
mixed_32,mixed,31,31,0.22370874881744385,6651279,0.9501827142857143,0.65,0.8794118230508231,0.7539631029995408
mixed_77,mixed,40,40,0.20992982387542725,6661329,0.9516184285714285,0.65,0.8390774153133433,0.6839977196742987
random_137,random,39,39,0.194915771484375,6649832,0.949976,0.35,0.7520996559573078,0.6011333830256216
random_204,random,34,34,0.21861708164215088,6612984,0.944712,0.35,0.7309809203068081,0.7228113615213033
sequential_169,sequential,37,37,0.246970534324646,6722202,0.9603145714285715,0.85,0.764718408069315,0.6371601983710746
random_222,random,26,26,0.20792782306671143,6563525,0.9376464285714285,0.35,0.7457455282497041,0.7994348623052161
sequential_121,sequential,49,49,0.19987225532531738,6605807,0.9436867142857143,0.85,0.8584597634740099,0.7061691843067027
random_143,random,34,34,0.2259119749069214,6652206,0.9503151428571428,0.35,0.7516534439564871,0.7652800461643313
random_154,random,29,29,0.23766660690307617,6543599,0.9347998571428572,0.35,0.8048935774463153,0.7822582846159584
sequential_183,sequential,54,54,0.23244261741638184,6591454,0.9416362857142857,0.85,0.702023492290575,0.7955360265105531
mixed_214,mixed,40,40,0.20963335037231445,6544101,0.9348715714285715,0.65,0.8898500167357951,0.7799301468615596
mixed_211,mixed,38,38,0.24332523345947266,6660943,0.9515632857142857,0.65,0.834687961398908,0.7901963556756291
random_52,random,30,30,0.22072315216064453,6670898,0.9529854285714285,0.35,0.7461487254918332,0.6904787837303339
random_41,random,39,39,0.22267615795135498,6681155,0.9544507142857143,0.35,0.7730303223370497,0.7989358688006892
mixed_95,mixed,43,43,0.2121286392211914,6605475,0.9436392857142857,0.65,0.8713425234921455,0.7360609210230207
locality_212,locality,59,59,0.21077120304107666,6631793,0.947399,0.75,0.85665188268008,0.7353830985385136
sequential_185,sequential,51,51,0.21351075172424316,6688667,0.9555238571428571,0.85,0.8739215968924257,0.7977549330355403
mixed_16,mixed,25,25,0.24038028717041016,6600497,0.9429281428571429,0.65,0.8313254642296568,0.6381683438688642
sequential_218,sequential,60,60,0.18944263458251953,6751854,0.9645505714285715,0.85,0.7133505858262267,0.6344198091476934
sequential_207,sequential,30,30,0.19122779369354248,6550853,0.9358361428571429,0.85,0.7944455777014532,0.6317624486309603
mixed_232,mixed,33,33,0.19621682167053223,6659037,0.951291,0.65,0.7286499505535391,0.6192998960768575
locality_183,locality,42,42,0.24252116680145264,6654440,0.9506342857142858,0.75,0.7611498873867286,0.69854122540165
mixed_92,mixed,30,30,0.2049769163131714,6675772,0.9536817142857142,0.65,0.7797426899737884,0.7001548262550599
random_195,random,21,21,0.24811828136444092,6581154,0.9401648571428571,0.35,0.7130700616556224,0.6565963326976022
random_100,random,28,28,0.1904672384262085,6533325,0.9333321428571428,0.35,0.7832634069781762,0.6467201071752565
mixed_117,mixed,45,45,0.19555509090423584,6639501,0.9485001428571429,0.65,0.8227527310011882,0.763046835480354
locality_92,locality,57,57,0.23311078548431396,6563483,0.9376404285714286,0.75,0.8391494056473583,0.7756734363987504
locality_80,locality,58,58,0.21580934524536133,6748441,0.964063,0.75,0.7007799161550851,0.6877916948221081
mixed_124,mixed,46,46,0.2050091028213501,6728443,0.9612061428571429,0.65,0.7365475602362382,0.6662435999506099
random_135,random,36,36,0.19112837314605713,6679342,0.9541917142857143,0.35,0.8215489547152474,0.6518614086394179
sequential_65,sequential,42,42,0.2104048728942871,6721177,0.9601681428571428,0.85,0.7444494635864174,0.6610617021151495
sequential_86,sequential,32,32,0.19621944427490234,6506304,0.929472,0.85,0.7180890084890075,0.6972692218226972
sequential_200,sequential,56,56,0.2463986873626709,6608754,0.9441077142857143,0.85,0.8239572779028418,0.72395143480202
locality_128,locality,59,59,0.19352436065673828,6750653,0.964379,0.75,0.7620960042851465,0.6311126227624327
mixed_135,mixed,50,50,0.2013934850692749,6607760,0.9439657142857143,0.65,0.880972492836188,0.7402737121869845
random_56,random,35,35,0.1983332633972168,6624426,0.9463465714285715,0.35,0.8061594182891088,0.6365103425973673
random_239,random,20,20,0.22861993312835693,6507553,0.9296504285714285,0.35,0.7012278612140856,0.752883854092769
locality_168,locality,70,70,0.23237645626068115,6750554,0.9643648571428571,0.75,0.7027493437034721,0.6919584610266261
random_59,random,39,39,0.2307121753692627,6719703,0.9599575714285714,0.35,0.7656954786491666,0.694675490855359
mixed_190,mixed,28,28,0.22392451763153076,6590110,0.9414442857142857,0.65,0.8928713963630115,0.7713368971383467
sequential_162,sequential,32,32,0.21847736835479736,6643033,0.9490047142857143,0.85,0.788394785704859,0.6566869411698838
random_236,random,27,27,0.2192997932434082,6541028,0.9344325714285714,0.35,0.7989532839712217,0.6526938391382682
random_85,random,36,36,0.24482464790344238,6699445,0.9570635714285715,0.35,0.8354412098058317,0.7908748894886335
locality_96,locality,55,55,0.21071219444274902,6717926,0.9597037142857143,0.75,0.8079174711343097,0.6554767225664246
random_80,random,32,32,0.248834490776062,6565729,0.9379612857142857,0.35,0.826130141875503,0.6240508275958812
mixed_116,mixed,32,32,0.20683228969573975,6666215,0.9523164285714286,0.65,0.7449832409896054,0.7704909871118835
locality_104,locality,50,50,0.2467254400253296,6742911,0.963273,0.75,0.8793986392413781,0.7457878322831413
sequential_30,sequential,45,45,0.2158963680267334,6710781,0.958683,0.85,0.7032095394118717,0.7202196944179775
sequential_228,sequential,32,32,0.2226722240447998,6635269,0.9478955714285714,0.85,0.7944358674052889,0.7823794853600285
random_27,random,26,26,0.19640731811523438,6538676,0.9340965714285714,0.35,0.8827205309730981,0.7209527219290671
mixed_225,mixed,29,29,0.22114884853363037,6609631,0.944233,0.65,0.8592410606296692,0.6889220417501475
random_151,random,38,38,0.24406707286834717,6588702,0.9412431428571428,0.35,0.8291147814946283,0.6097374235158987
sequential_0,sequential,54,54,0.2203364372253418,6680333,0.9543332857142857,0.85,0.8248892741506633,0.7981001218881922
sequential_158,sequential,55,55,0.19786489009857178,6711000,0.9587142857142857,0.85,0.8863136138532629,0.7591284463432137
sequential_22,sequential,43,43,0.21002686023712158,6714745,0.9592492857142857,0.85,0.753536480769561,0.6112227759886626
mixed_106,mixed,45,45,0.208978533744812,6701746,0.9573922857142857,0.65,0.7878549336931544,0.6147019076657148
locality_79,locality,52,52,0.21357190608978271,6739867,0.9628381428571429,0.75,0.7062143533270646,0.6433877632818089
random_73,random,32,32,0.2150360345840454,6688984,0.9555691428571429,0.35,0.8860806560826715,0.7304638699224099
sequential_179,sequential,43,43,0.20551788806915283,6579647,0.9399495714285714,0.85,0.7675540637638327,0.7047854773518801
locality_6,locality,41,41,0.21916818618774414,6698786,0.9569694285714285,0.75,0.8303151902774687,0.7808259561132385
random_129,random,22,22,0.19135558605194092,6631659,0.9473798571428571,0.35,0.8706708414096236,0.6773044572816386
locality_42,locality,58,58,0.23676323890686035,6713844,0.9591205714285714,0.75,0.7237069978181172,0.6134045930748325
sequential_50,sequential,39,39,0.24233686923980713,6617446,0.9453494285714286,0.85,0.7408750686916336,0.6394240683253924
locality_86,locality,60,60,0.23990464210510254,6629642,0.9470917142857143,0.75,0.813591102770067,0.74228460481166
mixed_121,mixed,43,43,0.20572888851165771,6738470,0.9626385714285715,0.65,0.7796635378436914,0.7855055290601725
random_199,random,24,24,0.21354401111602783,6604681,0.9435258571428572,0.35,0.8786459626776966,0.7874728177276911
mixed_173,mixed,44,44,0.2430492639541626,6640645,0.9486635714285714,0.65,0.7406921722544078,0.7253454653088971
random_136,random,32,32,0.23006188869476318,6590111,0.9414444285714286,0.35,0.7210363016809515,0.6252790146756652
mixed_196,mixed,38,38,0.20075976848602295,6676508,0.9537868571428572,0.65,0.724786877537681,0.7574322982606054
sequential_99,sequential,37,37,0.20542418956756592,6616770,0.9452528571428571,0.85,0.7233226760242483,0.7531089562254856
locality_163,locality,37,37,0.20651960372924805,6615790,0.9451128571428571,0.75,0.8659218893436555,0.6370522805691187
locality_50,locality,69,69,0.2065720558166504,6658986,0.9512837142857142,0.75,0.7692503737173956,0.7652990049129744
random_205,random,24,24,0.242506742477417,6656092,0.9508702857142857,0.35,0.8112539989893439,0.7036024912860933
mixed_168,mixed,40,40,0.21083879470825195,6616923,0.9452747142857143,0.65,0.749617541726812,0.6444670668750617
random_202,random,20,20,0.24250566959381104,6563058,0.9375797142857143,0.35,0.7995366480977076,0.7656175509051097
mixed_129,mixed,36,36,0.2324368953704834,6641984,0.9488548571428571,0.65,0.8505851872085144,0.6083183797920031
locality_185,locality,44,44,0.2426161766052246,6672917,0.9532738571428572,0.75,0.7083823827794644,0.6252161164403627
mixed_158,mixed,26,26,0.22976481914520264,6632118,0.9474454285714285,0.65,0.7596711088635507,0.7010348530700153
sequential_108,sequential,52,52,0.22807109355926514,6670412,0.952916,0.85,0.7269661989450061,0.7511938128496729
mixed_159,mixed,38,38,0.24378609657287598,6559170,0.9370242857142858,0.65,0.7812595259344455,0.739879016474237
random_78,random,29,29,0.22444212436676025,6513061,0.9304372857142857,0.35,0.8518463510939452,0.60739918050702
random_167,random,30,30,0.2078031301498413,6631755,0.9473935714285714,0.35,0.8001466926604405,0.6147823930048109
mixed_71,mixed,29,29,0.2429274320602417,6665864,0.9522662857142857,0.65,0.7693707151100624,0.7010950166795262
mixed_167,mixed,30,30,0.24880731105804443,6608592,0.9440845714285714,0.65,0.736283416453442,0.6522010885760462
sequential_81,sequential,59,59,0.24074339866638184,6718210,0.9597442857142857,0.85,0.800352443795598,0.6674989938236195
sequential_42,sequential,33,33,0.18966937065124512,6592793,0.9418275714285714,0.85,0.7237882587183516,0.7102859147085828
random_83,random,28,28,0.21398961544036865,6680044,0.954292,0.35,0.83390833809994,0.7020798222716214
random_102,random,26,26,0.22197437286376953,6613235,0.9447478571428571,0.35,0.7432171164442499,0.6995331692473868
random_75,random,22,22,0.2028270959854126,6572658,0.9389511428571429,0.35,0.7356133472351486,0.7624026687936079
sequential_94,sequential,55,55,0.19384479522705078,6708670,0.9583814285714286,0.85,0.8535885387788396,0.6876681310110391
locality_85,locality,40,40,0.190879225730896,6555299,0.9364712857142857,0.75,0.7327682426232924,0.7726610801379651
sequential_212,sequential,51,51,0.1960698366165161,6677937,0.953991,0.85,0.7763748324715083,0.6048497953259515
locality_126,locality,53,53,0.23650908470153809,6621654,0.9459505714285714,0.75,0.7452373700268214,0.7266918783382197
random_47,random,40,40,0.23219060897827148,6560953,0.937279,0.35,0.8460197821803399,0.605515582565302
sequential_13,sequential,40,40,0.194588303565979,6656721,0.9509601428571428,0.85,0.7423847476284205,0.7766535928383291
locality_139,locality,49,49,0.2256067991256714,6733634,0.9619477142857142,0.75,0.8035506707975044,0.7654975127070442
random_49,random,27,27,0.21081805229187012,6519776,0.9313965714285715,0.35,0.7951984511659574,0.7712194354621964
mixed_246,mixed,32,32,0.1970118284225464,6616039,0.9451484285714286,0.65,0.7786163727547563,0.6218068167211801
mixed_142,mixed,45,45,0.2017132043838501,6572869,0.9389812857142857,0.65,0.8687383122287846,0.7484654451013517
random_19,random,38,38,0.2317512035369873,6517429,0.9310612857142857,0.35,0.867994366618356,0.7872599844968052
mixed_166,mixed,27,27,0.23631799221038818,6689527,0.9556467142857142,0.65,0.8702674243538424,0.6225041318700293
locality_216,locality,42,42,0.20488548278808594,6709507,0.958501,0.75,0.8264872026990925,0.7496259630025481
sequential_3,sequential,38,38,0.21919751167297363,6583447,0.9404924285714286,0.85,0.8988269414405711,0.7160961898354751
locality_38,locality,70,70,0.21680796146392822,6696556,0.9566508571428571,0.75,0.7649846395715711,0.69302514139579
random_169,random,23,23,0.20836734771728516,6640689,0.9486698571428571,0.35,0.8486067553035446,0.7564526873080719
random_71,random,28,28,0.1927189826965332,6576059,0.939437,0.35,0.8148833974221832,0.7237815752366897
sequential_146,sequential,52,52,0.19690775871276855,6606374,0.9437677142857143,0.85,0.8169998189010282,0.7424298670926459
random_116,random,21,21,0.23665308952331543,6527795,0.9325421428571429,0.35,0.7761492538871194,0.6016007253328632
random_107,random,34,34,0.2128140926361084,6540195,0.9343135714285714,0.35,0.734704207693047,0.6490714053490887
sequential_20,sequential,42,42,0.19324445724487305,6565607,0.9379438571428571,0.85,0.8293891539190617,0.6680348016819199
random_140,random,32,32,0.22980666160583496,6521004,0.931572,0.35,0.8511331573169583,0.6393367840680022
mixed_145,mixed,47,47,0.2334449291229248,6657880,0.9511257142857142,0.65,0.7576556608628717,0.6099023451334702
sequential_28,sequential,40,40,0.24325358867645264,6553343,0.9361918571428571,0.85,0.8214412528517071,0.6940402196883032
mixed_208,mixed,49,49,0.23405778408050537,6553141,0.936163,0.65,0.7316748325677199,0.6207267032544788
mixed_174,mixed,46,46,0.24064970016479492,6603600,0.9433714285714285,0.65,0.8196401634080833,0.6210864503696631
sequential_210,sequential,55,55,0.22028636932373047,6581694,0.940242,0.85,0.7488807864791369,0.690949671951495
sequential_59,sequential,44,44,0.21840834617614746,6589605,0.9413721428571429,0.85,0.8093177473296723,0.6046563340214228
sequential_7,sequential,41,41,0.20383429527282715,6607353,0.9439075714285714,0.85,0.7797436226516563,0.7389400100457622
mixed_249,mixed,28,28,0.19540250301361084,6523777,0.9319681428571429,0.65,0.711103167593417,0.6880446745800233
mixed_107,mixed,37,37,0.23527073860168457,6702403,0.9574861428571428,0.65,0.8324326184449407,0.679830173873004
mixed_73,mixed,26,26,0.23106133937835693,6551757,0.9359652857142857,0.65,0.814844777095322,0.6558608043839067
locality_112,locality,35,35,0.22208714485168457,6674800,0.9535428571428571,0.75,0.7257301067226248,0.6766491795386013
sequential_52,sequential,35,35,0.22199630737304688,6647747,0.9496781428571428,0.85,0.7614956916155233,0.6051314797550502
locality_17,locality,70,70,0.24178850650787354,6596620,0.9423742857142857,0.75,0.7015573482208286,0.6267074891988372
mixed_8,mixed,47,47,0.22184860706329346,6658160,0.9511657142857143,0.65,0.7199021409023976,0.636959948713161
locality_223,locality,43,43,0.2284027338027954,6687121,0.955303,0.75,0.8575750576070755,0.6448381872532795
random_181,random,29,29,0.22752833366394043,6665434,0.9522048571428572,0.35,0.8510197532027642,0.7121699790850817
sequential_92,sequential,53,53,0.22842931747436523,6685771,0.9551101428571429,0.85,0.7089682344440252,0.6831310279219468
mixed_243,mixed,47,47,0.20851600170135498,6552837,0.9361195714285714,0.65,0.768650321412689,0.64817395937269
mixed_170,mixed,49,49,0.2308509349822998,6673111,0.9533015714285714,0.65,0.829225356360396,0.7173254745583246
sequential_58,sequential,60,60,0.22521746158599854,6706227,0.9580324285714286,0.85,0.8663638180831645,0.7073094454788842
mixed_113,mixed,48,48,0.24175012111663818,6599677,0.942811,0.65,0.8179878410448552,0.6201942766665334
sequential_74,sequential,53,53,0.2161543369293213,6594809,0.9421155714285714,0.85,0.7400105960384646,0.6758450182790906
locality_196,locality,55,55,0.22803986072540283,6708104,0.9583005714285714,0.75,0.768766495904938,0.7549205170355902
random_211,random,29,29,0.19472253322601318,6619265,0.9456092857142857,0.35,0.7140986397787645,0.7446969358819342
mixed_72,mixed,28,28,0.18967127799987793,6627525,0.9467892857142857,0.65,0.80312426966754,0.6824482712325842
locality_31,locality,68,68,0.21882915496826172,6672239,0.953177,0.75,0.7486908510727937,0.7437883111833515
sequential_117,sequential,54,54,0.19396638870239258,6730724,0.961532,0.85,0.8769745163755617,0.6263774569653371
mixed_204,mixed,25,25,0.2220393419265747,6630340,0.9471914285714286,0.65,0.821879646910141,0.7301675901196776
random_18,random,31,31,0.21497225761413574,6631739,0.9473912857142858,0.35,0.8116784494854994,0.6053871430604761
sequential_6,sequential,39,39,0.23582220077514648,6552507,0.9360724285714286,0.85,0.7663423022120104,0.607748789547533
locality_69,locality,46,46,0.2174978256225586,6548587,0.9355124285714286,0.75,0.7606087928643374,0.6819075387872987
locality_167,locality,46,46,0.24614989757537842,6552831,0.9361187142857142,0.75,0.8561418585045187,0.7736013898057612
random_61,random,31,31,0.21601557731628418,6680349,0.9543355714285714,0.35,0.8864509434628739,0.7860414679731682
mixed_87,mixed,49,49,0.20138657093048096,6736068,0.9622954285714286,0.65,0.706511454636306,0.7131980134144116
mixed_150,mixed,50,50,0.20775854587554932,6617129,0.9453041428571428,0.65,0.8388759976506497,0.6523526092122223
sequential_242,sequential,48,48,0.1905372142791748,6644688,0.9492411428571429,0.85,0.8978436502597917,0.6574203379560292
locality_113,locality,35,35,0.19995105266571045,6569640,0.93852,0.75,0.8523525224079551,0.7027091108204715
locality_22,locality,35,35,0.22177445888519287,6562058,0.9374368571428572,0.75,0.7664873355188702,0.6113433704868878
sequential_149,sequential,41,41,0.19268286228179932,6564374,0.9377677142857143,0.85,0.830169368688686,0.651958720407549
random_10,random,32,32,0.20051157474517822,6542035,0.9345764285714285,0.35,0.8927612405842855,0.6410662174349937
mixed_13,mixed,35,35,0.21886610984802246,6619097,0.9455852857142857,0.65,0.8237534451386853,0.6053465053923615
locality_177,locality,66,66,0.24684250354766846,6750547,0.9643638571428571,0.75,0.7477160103624715,0.7195451394820316
sequential_224,sequential,58,58,0.24096286296844482,6683921,0.9548458571428572,0.85,0.7801324228192497,0.7803023358919312
random_226,random,26,26,0.23413300514221191,6662416,0.9517737142857143,0.35,0.717508362723932,0.759599757581973
locality_25,locality,52,52,0.21892547607421875,6620906,0.9458437142857142,0.75,0.7229994247684758,0.7399941506568162
mixed_191,mixed,37,37,0.23776960372924805,6674382,0.9534831428571429,0.65,0.8670968849939816,0.7722760183012023
random_171,random,22,22,0.22000598907470703,6582796,0.9403994285714286,0.35,0.8472390844569134,0.6001599410815247
random_74,random,32,32,0.20638489723205566,6570746,0.938678,0.35,0.7637199214589976,0.7965195051844162
sequential_230,sequential,45,45,0.196441650390625,6735549,0.9622212857142857,0.85,0.8140458184847283,0.6367132538053046
sequential_143,sequential,56,56,0.1990875005722046,6677823,0.9539747142857142,0.85,0.7666468261118726,0.6042530959442863
locality_142,locality,49,49,0.21850240230560303,6672570,0.9532242857142857,0.75,0.8385701916820549,0.60771749289614
mixed_238,mixed,48,48,0.22552239894866943,6542882,0.9346974285714286,0.65,0.7760814791922354,0.7654289397678415
sequential_1,sequential,58,58,0.20719504356384277,6736203,0.9623147142857142,0.85,0.7852957598274911,0.6454196339186107
sequential_57,sequential,32,32,0.22756803035736084,6639378,0.9484825714285714,0.85,0.7596648962164989,0.6758484981583756
locality_245,locality,53,53,0.2390575408935547,6622255,0.9460364285714286,0.75,0.8201094290327091,0.6374798179754974
mixed_172,mixed,27,27,0.22528064250946045,6611789,0.9445412857142857,0.65,0.7829156603056067,0.7361080183170168
sequential_134,sequential,41,41,0.22400450706481934,6591896,0.9416994285714285,0.85,0.8256241219936957,0.6206219480757783
random_5,random,23,23,0.23411047458648682,6597617,0.9425167142857143,0.35,0.817302875353277,0.7042995326794275
sequential_70,sequential,39,39,0.20582032203674316,6617175,0.9453107142857143,0.85,0.7802138957761868,0.6418411049235302
random_162,random,31,31,0.23925566673278809,6548777,0.9355395714285715,0.35,0.7483934044466852,0.6313952237934298
sequential_26,sequential,49,49,0.21699512004852295,6692227,0.9560324285714286,0.85,0.8980312516482473,0.7540264351704971
sequential_44,sequential,54,54,0.2385399341583252,6674608,0.9535154285714286,0.85,0.8997398426451109,0.781547524453644
sequential_15,sequential,57,57,0.1966177225112915,6698852,0.9569788571428571,0.85,0.7064568111980882,0.7597400791022436
locality_70,locality,44,44,0.23001372814178467,6574065,0.9391521428571429,0.75,0.7414338118811356,0.7708601740244536
locality_115,locality,60,60,0.242681622505188,6627203,0.9467432857142857,0.75,0.7410344958601229,0.7509644869052341
mixed_5,mixed,25,25,0.2379823923110962,6582181,0.9403115714285715,0.65,0.8485594475655124,0.676993023031697
mixed_55,mixed,34,34,0.22887778282165527,6628821,0.9469744285714286,0.65,0.7763094287579232,0.776065425344188
random_206,random,20,20,0.23651540279388428,6612719,0.9446741428571429,0.35,0.785162223943459,0.6029435997241887
sequential_128,sequential,56,56,0.24274420738220215,6634123,0.9477318571428571,0.85,0.8046006602546445,0.7733031890523074
locality_158,locality,65,65,0.21545040607452393,6626813,0.9466875714285714,0.75,0.7955509101719453,0.62963256790211
mixed_12,mixed,47,47,0.2004624605178833,6686451,0.9552072857142857,0.65,0.8663095901907547,0.7514116233545789
locality_130,locality,67,67,0.2222592830657959,6702657,0.9575224285714286,0.75,0.7111896465533044,0.7971174922472442
random_244,random,22,22,0.23133599758148193,6643583,0.9490832857142857,0.35,0.8142635627233413,0.6726927863081653
random_87,random,39,39,0.23517310619354248,6524556,0.9320794285714286,0.35,0.8420477397797255,0.6453797749983758
mixed_36,mixed,28,28,0.2392427921295166,6688320,0.9554742857142857,0.65,0.8647737636841555,0.6104898103774199
sequential_98,sequential,35,35,0.21432411670684814,6529209,0.9327441428571429,0.85,0.7739346741412902,0.7037981553047907
random_55,random,30,30,0.22115445137023926,6626481,0.9466401428571428,0.35,0.8158936675468313,0.6840564355015162
sequential_29,sequential,52,52,0.23035943508148193,6729276,0.9613251428571429,0.85,0.7025411298051529,0.721244439407489
mixed_137,mixed,26,26,0.24859309196472168,6502123,0.9288747142857143,0.65,0.7066888895983567,0.6570193386710232
sequential_137,sequential,57,57,0.231847882270813,6684860,0.95498,0.85,0.7701358680016555,0.6132176931638302
locality_226,locality,43,43,0.2109527587890625,6705839,0.957977,0.75,0.7048998671022102,0.6865183785471892
locality_236,locality,40,40,0.22860312461853027,6709746,0.9585351428571428,0.75,0.7408443542195269,0.7336138049439147
locality_215,locality,47,47,0.20824718475341797,6737371,0.9624815714285714,0.75,0.7556001387642632,0.7151742527254481
random_3,random,31,31,0.23454773426055908,6534355,0.9334792857142857,0.35,0.8835079729773936,0.6872485149263429
locality_21,locality,59,59,0.22988224029541016,6680966,0.9544237142857143,0.75,0.7268323457821483,0.6494644667816707
locality_240,locality,70,70,0.19185590744018555,6646718,0.9495311428571429,0.75,0.7247741897035821,0.6175062355930797
sequential_197,sequential,50,50,0.23290836811065674,6555501,0.9365001428571429,0.85,0.8192780884372373,0.670638692133837
random_127,random,32,32,0.21563661098480225,6520444,0.931492,0.35,0.8402806014171696,0.7330918244694968
sequential_27,sequential,47,47,0.22892916202545166,6623816,0.9462594285714285,0.85,0.8389305426308724,0.7644706886518707
locality_0,locality,47,47,0.2423456907272339,6680426,0.9543465714285714,0.75,0.799795408043995,0.7740945506460343
random_160,random,33,33,0.24406194686889648,6611160,0.9444514285714286,0.35,0.8493280062080562,0.7961043587186947
locality_164,locality,53,53,0.21940386295318604,6587125,0.9410178571428571,0.75,0.823820664047634,0.7438181913570081
random_48,random,20,20,0.24191796779632568,6657614,0.9510877142857143,0.35,0.8883693489922941,0.7369982059778737
mixed_139,mixed,45,45,0.20238208770751953,6695473,0.9564961428571429,0.65,0.8251764348092443,0.7997071895023283
sequential_151,sequential,47,47,0.21965539455413818,6710621,0.9586601428571428,0.85,0.7671642045431442,0.7150163660912516
locality_209,locality,52,52,0.19482064247131348,6581555,0.9402221428571429,0.75,0.7692340234936158,0.6550038956793074
locality_110,locality,56,56,0.2472391128540039,6562419,0.9374884285714286,0.75,0.7611280774347442,0.7145325215775359
mixed_120,mixed,31,31,0.23416411876678467,6698620,0.9569457142857143,0.65,0.8654282968886715,0.7821967733646196
random_210,random,29,29,0.2256690263748169,6568118,0.9383025714285714,0.35,0.8933878240008504,0.7264457726451204
random_120,random,30,30,0.22020816802978516,6577302,0.9396145714285714,0.35,0.7853129622475947,0.660215931756271
locality_119,locality,39,39,0.19323575496673584,6707295,0.958185,0.75,0.8784255984911842,0.7626607192980006
random_179,random,36,36,0.24858689308166504,6566840,0.93812,0.35,0.743894950891101,0.7978996434311841
mixed_64,mixed,26,26,0.2203359603881836,6612491,0.9446415714285714,0.65,0.7166060671761006,0.708124903321032
locality_221,locality,54,54,0.21236050128936768,6601687,0.9430981428571429,0.75,0.7893699682493901,0.7213431727378019
random_62,random,32,32,0.1974431276321411,6690875,0.9558392857142857,0.35,0.8349794322878461,0.6385980454293388
locality_4,locality,46,46,0.2151697874069214,6689376,0.9556251428571428,0.75,0.7519224429310598,0.7670988965363295
mixed_38,mixed,40,40,0.19642376899719238,6626767,0.946681,0.65,0.77255657033335,0.6602839696197506
mixed_210,mixed,36,36,0.23174095153808594,6694167,0.9563095714285714,0.65,0.7891773625584987,0.7865154692320169
mixed_224,mixed,27,27,0.19783055782318115,6550080,0.9357257142857143,0.65,0.732039926744982,0.7014297868282936
mixed_94,mixed,50,50,0.2301427125930786,6703528,0.9576468571428571,0.65,0.7057291633851509,0.6927088660434211
random_58,random,34,34,0.24362945556640625,6608517,0.9440738571428572,0.35,0.8852601257119836,0.6464200862314453
sequential_32,sequential,52,52,0.23805856704711914,6641426,0.9487751428571428,0.85,0.8033912063339945,0.7265485055679894
random_103,random,40,40,0.21591687202453613,6702403,0.9574861428571428,0.35,0.8164869760408027,0.7230665894280965
sequential_21,sequential,47,47,0.2001950740814209,6653211,0.9504587142857143,0.85,0.7635879538174027,0.6011232701614049
mixed_33,mixed,37,37,0.19586420059204102,6587163,0.9410232857142857,0.65,0.7374141552214687,0.7282707741650085
locality_151,locality,47,47,0.24374186992645264,6666411,0.9523444285714285,0.75,0.7701396880323633,0.6074466216663338
locality_181,locality,65,65,0.24283874034881592,6690974,0.9558534285714285,0.75,0.8844057074473441,0.6602912502750994
mixed_125,mixed,43,43,0.21805405616760254,6692181,0.9560258571428571,0.65,0.8275186808116746,0.7307795437547604
locality_123,locality,39,39,0.2047063112258911,6646755,0.9495364285714286,0.75,0.8098699628540197,0.6347719788395748
mixed_157,mixed,44,44,0.24615919589996338,6719666,0.9599522857142857,0.65,0.8845641313297611,0.6870606952087248
random_146,random,24,24,0.21930348873138428,6542703,0.9346718571428572,0.35,0.7931545318950014,0.6521329421799195
random_228,random,23,23,0.21240723133087158,6696228,0.956604,0.35,0.8728310362130668,0.6028039288783084
sequential_123,sequential,42,42,0.21160972118377686,6638586,0.9483694285714286,0.85,0.7523171608760142,0.7091258664890895
mixed_220,mixed,32,32,0.23979055881500244,6675581,0.9536544285714286,0.65,0.8942306500604392,0.6627204536551441
mixed_98,mixed,38,38,0.24308907985687256,6683929,0.954847,0.65,0.8618030130077583,0.6972093047133789
sequential_64,sequential,50,50,0.19814705848693848,6566274,0.9380391428571428,0.85,0.7728081845634382,0.7728574373950443
locality_12,locality,48,48,0.23483741283416748,6625674,0.9465248571428572,0.75,0.8372689237861417,0.6920652315534032
sequential_113,sequential,47,47,0.23833703994750977,6696316,0.9566165714285715,0.85,0.7136686808007503,0.7854304899578167
locality_24,locality,54,54,0.24023568630218506,6655379,0.9507684285714286,0.75,0.7966273982485799,0.7875513019453728
random_34,random,40,40,0.20612847805023193,6658016,0.9511451428571429,0.35,0.7294425729379144,0.7181556232122794
sequential_136,sequential,37,37,0.22389638423919678,6547493,0.9353561428571429,0.85,0.7236677538275167,0.7855067078501135
mixed_203,mixed,32,32,0.23391294479370117,6598698,0.9426711428571428,0.65,0.8441520124522846,0.7149189694083635
sequential_110,sequential,45,45,0.21510279178619385,6706271,0.9580387142857143,0.85,0.7937010244892337,0.6008436758959095
mixed_46,mixed,47,47,0.22639083862304688,6575637,0.9393767142857142,0.65,0.844439119230867,0.6380294143903804
sequential_9,sequential,33,33,0.2368464469909668,6515178,0.9307397142857143,0.85,0.8481131620675786,0.7152802667828888
locality_89,locality,55,55,0.21264588832855225,6677235,0.9538907142857143,0.75,0.7655894797263514,0.6114832929177757
mixed_187,mixed,27,27,0.2374110221862793,6649102,0.9498717142857143,0.65,0.7376474531420892,0.6694293654331764
mixed_93,mixed,25,25,0.2383815050125122,6614876,0.9449822857142857,0.65,0.8685716467972922,0.700246657115554
locality_233,locality,40,40,0.23482906818389893,6551822,0.9359745714285714,0.75,0.8995108281642613,0.6325460760621113
mixed_132,mixed,43,43,0.2476353645324707,6571118,0.9387311428571429,0.65,0.7697107129711863,0.696547251238688
locality_29,locality,46,46,0.20883798599243164,6719895,0.959985,0.75,0.8816571869122506,0.7159954649562944
random_30,random,20,20,0.20491647720336914,6635612,0.9479445714285715,0.35,0.7784397910499905,0.7887955972974154
sequential_83,sequential,39,39,0.23597311973571777,6526003,0.9322861428571428,0.85,0.8196203028100861,0.6665755970861552
mixed_101,mixed,32,32,0.23273825645446777,6670060,0.9528657142857143,0.65,0.8643916243957299,0.7028313716698183
sequential_189,sequential,42,42,0.24860155582427979,6644241,0.9491772857142857,0.85,0.8256197686303122,0.6445396520697986
locality_3,locality,62,62,0.23867619037628174,6626889,0.9466984285714286,0.75,0.8089836954204529,0.6114151850838775
mixed_52,mixed,29,29,0.20829403400421143,6558285,0.9368978571428571,0.65,0.75768553354664,0.7367690038726042
sequential_66,sequential,37,37,0.20625615119934082,6652656,0.9503794285714285,0.85,0.7303457503169472,0.6551198505400314
locality_44,locality,42,42,0.2216789722442627,6621523,0.9459318571428571,0.75,0.8277862674424947,0.7677599624116282
random_189,random,22,22,0.2005084753036499,6581106,0.940158,0.35,0.7858685618129817,0.6697377527627274
mixed_14,mixed,40,40,0.19263947010040283,6731702,0.9616717142857143,0.65,0.7571254349727569,0.6006362415333274
mixed_155,mixed,31,31,0.21140694618225098,6549052,0.9355788571428572,0.65,0.8298558102285822,0.6225009298380791
locality_232,locality,54,54,0.23084712028503418,6611181,0.9444544285714286,0.75,0.7903053839805214,0.7588967168396507
random_111,random,22,22,0.24424898624420166,6658007,0.9511438571428571,0.35,0.8162518250870239,0.7884186368839948
locality_201,locality,67,67,0.2486656904220581,6727808,0.9611154285714286,0.75,0.7534793701758236,0.6495255014965216
sequential_31,sequential,48,48,0.23979485034942627,6558715,0.9369592857142857,0.85,0.8478453528771079,0.7364341097105751
random_64,random,40,40,0.22535991668701172,6726323,0.9609032857142857,0.35,0.8004397137430512,0.7445827425320655
locality_65,locality,44,44,0.22736001014709473,6700688,0.9572411428571429,0.75,0.7825595384684176,0.6988727418944489
random_144,random,33,33,0.23642992973327637,6551646,0.9359494285714286,0.35,0.7211715420111626,0.7176935096838319
mixed_226,mixed,27,27,0.21828460693359375,6643089,0.9490127142857143,0.65,0.7911751618987457,0.7081453578391333
random_13,random,39,39,0.19512522220611572,6541442,0.9344917142857143,0.35,0.794349291326682,0.7769504465656275
locality_37,locality,62,62,0.20251166820526123,6552777,0.936111,0.75,0.788017317628186,0.7340875335943318
locality_49,locality,42,42,0.19018328189849854,6615386,0.9450551428571429,0.75,0.7861301602796181,0.7205681762238726
sequential_69,sequential,42,42,0.22894811630249023,6658929,0.9512755714285714,0.85,0.7281804093544489,0.6521830670985826
locality_95,locality,47,47,0.2489544153213501,6561448,0.9373497142857142,0.75,0.7997392692132435,0.7619432538582869
random_196,random,31,31,0.24155616760253906,6547542,0.9353631428571428,0.35,0.7045476344020971,0.6929655620656117
random_214,random,35,35,0.23833298683166504,6608860,0.9441228571428572,0.35,0.7681654701438179,0.6861225220481075
sequential_85,sequential,49,49,0.22239899635314941,6557921,0.9368458571428572,0.85,0.7109812431665529,0.737382681580514
sequential_53,sequential,50,50,0.2260267734527588,6560986,0.9372837142857143,0.85,0.8495027530069773,0.6932961292522524
mixed_19,mixed,29,29,0.23094630241394043,6673208,0.9533154285714286,0.65,0.7764759824433471,0.768788217485998
locality_114,locality,55,55,0.1947786808013916,6702521,0.957503,0.75,0.7853163924166793,0.7732956156623945
mixed_185,mixed,32,32,0.22143280506134033,6646203,0.9494575714285715,0.65,0.7822554607613694,0.7518975888647818
sequential_63,sequential,49,49,0.19759929180145264,6690043,0.9557204285714286,0.85,0.7620955217889229,0.6934065148758211
random_141,random,32,32,0.19381248950958252,6669222,0.952746,0.35,0.8005805417273397,0.6784863911533844
random_242,random,40,40,0.23480725288391113,6736132,0.9623045714285714,0.35,0.7133697334149667,0.6967355493213997
mixed_123,mixed,36,36,0.19536125659942627,6531527,0.9330752857142857,0.65,0.8251692510500203,0.6662708376126063
mixed_60,mixed,46,46,0.2371910810470581,6643889,0.949127,0.65,0.7003203517415838,0.6199468546832105
locality_55,locality,63,63,0.23319518566131592,6577556,0.9396508571428571,0.75,0.7786384965203199,0.6149878801504786
random_122,random,30,30,0.22369420528411865,6577785,0.9396835714285714,0.35,0.8184661527185291,0.7289091066029509
random_243,random,25,25,0.21636807918548584,6567172,0.9381674285714285,0.35,0.8937839183682851,0.7823497955235053
mixed_81,mixed,33,33,0.20648658275604248,6698359,0.9569084285714285,0.65,0.7396631014415999,0.7562929876097546
mixed_176,mixed,46,46,0.2327899932861328,6693269,0.9561812857142857,0.65,0.8117984847551927,0.7988585628991759
mixed_222,mixed,27,27,0.21020328998565674,6571030,0.9387185714285714,0.65,0.8760646814187991,0.7332067816415558
random_40,random,40,40,0.23714756965637207,6636033,0.9480047142857143,0.35,0.7223470806950659,0.6343148045164165
sequential_141,sequential,48,48,0.21855032444000244,6558561,0.9369372857142857,0.85,0.7581522658454112,0.7123887097649756
sequential_229,sequential,47,47,0.24796390533447266,6744461,0.9634944285714285,0.85,0.8074460388989101,0.651789996772216
random_0,random,34,34,0.19221889972686768,6521889,0.9316984285714286,0.35,0.7851022187607442,0.746539532164906
locality_84,locality,45,45,0.21510517597198486,6578659,0.9398084285714285,0.75,0.7564807994754299,0.6958662289928554
locality_7,locality,40,40,0.22781693935394287,6708055,0.9582935714285714,0.75,0.7794520149205066,0.7028282546415607
mixed_68,mixed,47,47,0.23619377613067627,6678667,0.9540952857142857,0.65,0.7363762400125733,0.6525228335255957
random_97,random,20,20,0.19363713264465332,6530876,0.9329822857142858,0.35,0.7399603775321986,0.783094205248544
random_230,random,37,37,0.24415087699890137,6587961,0.9411372857142857,0.35,0.7212051752480053,0.7614729724473832
random_159,random,28,28,0.19870448112487793,6509647,0.9299495714285714,0.35,0.8932028018921552,0.7073360569282143
random_194,random,40,40,0.2412956953048706,6660106,0.9514437142857143,0.35,0.7106483480834737,0.7336464608733496
mixed_212,mixed,49,49,0.24800169467926025,6712572,0.9589388571428571,0.65,0.8961009905539509,0.6664624750151338
random_139,random,24,24,0.2324150800704956,6601364,0.943052,0.35,0.7587920682768838,0.7888841948393224
locality_176,locality,45,45,0.20264840126037598,6731764,0.9616805714285714,0.75,0.798560867911793,0.6168375922531034
sequential_124,sequential,39,39,0.24207890033721924,6667914,0.9525591428571428,0.85,0.8454373525777906,0.631281137598809
mixed_122,mixed,48,48,0.2425520420074463,6649327,0.9499038571428572,0.65,0.8099228370926572,0.6593097199006741
random_178,random,35,35,0.2175288200378418,6630855,0.947265,0.35,0.7342303337650063,0.7064399401372807
random_231,random,34,34,0.2419874668121338,6543776,0.9348251428571429,0.35,0.7902226961232316,0.6005040385817543
mixed_156,mixed,47,47,0.227569580078125,6549918,0.9357025714285714,0.65,0.7396476967211688,0.6210999100770176
locality_9,locality,61,61,0.22097790241241455,6637553,0.9482218571428571,0.75,0.7616460830043065,0.623013923759045
